{"cameraMode":{"drawMode":0,"name":"Shaded","section":"Shading Mode"},"sceneLighting":false,"audioPlay":false,"sceneViewState":{"showFog":true,"showMaterialUpdate":false,"showSkybox":true,"showFlares":true,"showImageEffects":true,"showParticleSystems":true},"in2DMode":false,"pivot":{"x":-3.7300000190734865,"y":0.4300000071525574,"z":-3.890000104904175},"rotation":{"x":-0.5863044261932373,"y":-0.06473741680383682,"z":0.047006845474243167,"w":-0.806130588054657},"size":2.6005187034606935,"orthographic":false}