{"cameraMode":{"drawMode":0,"name":"Shaded","section":"Shading Mode"},"sceneLighting":true,"audioPlay":false,"sceneViewState":{"showFog":true,"showMaterialUpdate":false,"showSkybox":true,"showFlares":true,"showImageEffects":true,"showParticleSystems":true},"in2DMode":false,"pivot":{"x":-2.3671493530273439,"y":0.7871255874633789,"z":-3.6021134853363039},"rotation":{"x":-0.5398938655853272,"y":0.0019954992458224298,"z":-0.0013543253298848868,"w":-0.8417297005653381},"size":12.740647315979004,"orthographic":false}