{"cameraMode":{"drawMode":0,"name":"Shaded","section":"Shading Mode"},"sceneLighting":false,"audioPlay":false,"sceneViewState":{"showFog":true,"showMaterialUpdate":false,"showSkybox":true,"showFlares":true,"showImageEffects":true,"showParticleSystems":true},"in2DMode":false,"pivot":{"x":1.340000033378601,"y":0.5300000309944153,"z":3.680000066757202},"rotation":{"x":-0.6550949215888977,"y":-0.0027524917386472227,"z":0.0023042734246701,"w":-0.7555381059646606},"size":1.8576347827911378,"orthographic":false}