{"cameraMode":{"drawMode":0,"name":"Shaded","section":"Shading Mode"},"sceneLighting":false,"audioPlay":false,"sceneViewState":{"showFog":true,"showMaterialUpdate":false,"showSkybox":true,"showFlares":true,"showImageEffects":true,"showParticleSystems":true},"in2DMode":false,"pivot":{"x":-4.809999942779541,"y":0.47999998927116396,"z":-0.05000019073486328},"rotation":{"x":-0.13127033412456513,"y":-0.6365787982940674,"z":0.11106935143470764,"w":-0.7517972588539124},"size":16.716243743896486,"orthographic":false}