{"cameraMode":{"drawMode":0,"name":"Shaded","section":"Shading Mode"},"sceneLighting":true,"audioPlay":false,"sceneViewState":{"showFog":true,"showMaterialUpdate":false,"showSkybox":true,"showFlares":true,"showImageEffects":true,"showParticleSystems":true},"in2DMode":false,"pivot":{"x":-3.7300000190734865,"y":0.4300000071525574,"z":-3.890000104904175},"rotation":{"x":-0.6121745109558106,"y":0.0030539589934051038,"z":-0.0024436169769614937,"w":-0.7907143235206604},"size":7.347921371459961,"orthographic":false}